rank,SMILES,Metal,Acid_conc_M,Temperature_K,Pred_LogD,lo90,hi90,UCB_logD,confidence_pred_err,predicted_zone
1,CCCCCCCCCCCCN(CCCCCCCCCCCC)C(=O)COCCOCC(=O)N(CCCCCCCCCCCC)CCCCCCCCCCCC,Er(III),5.0,298.15,-0.8452,-14.2205,12.5301,12.5301,4.9199,low (D<0.5)
2,CCCCC(CC)CN(CC(CC)CCCC)C(=O)C(C)C,U(VI),2.0,293.15,2.2816,-7.5049,12.0681,12.0681,3.5999,high (D>10)
3,CCCCCCCCN(CCCCCCCC)C(=O)COCC(=O)N(CCCCCCCC)CCCCCCCC,U(VI),2.2,298.15,2.1206,-6.368,10.6092,10.6092,3.1224,high (D>10)
4,CN(C(=O)c1cccc(C(=O)N(C)c2ccccc2)n1)c1ccccc1,Er(III),3.0,298.15,-2.9518,-16.1273,10.2236,10.2236,4.8464,low (D<0.5)
5,CCCCCc1nnc(-c2cccc(-c3cccc(-c4nnc(CCCCC)c(CCCCC)n4)n3)n2)nc1CCCCC,Am(III),0.95,298.15,2.3319,-5.4208,10.0845,10.0845,2.8517,high (D>10)
6,CCCCCCCCCCN(CCCCCCCCCC)C(=O)COCC(=O)N(CCCCCCCCCC)CCCCCCCCCC,U(VI),0.5,298.15,1.136,-7.7901,10.0621,10.0621,3.2834,high (D>10)
7,CCCCCCCCCCCCN(CCCCCCCCCCCC)C(=O)COCC(=O)N(CCCCCCCCCCCC)CCCCCCCCCCCC,Er(III),3.0,298.15,-0.3916,-10.7875,10.0043,10.0043,3.824,low (D<0.5)
8,CCCCN(CCCC)C(=O)COCC(=O)N(CCCC)CCCC,U(VI),2.0,298.15,1.8094,-5.7744,9.3932,9.3932,2.7896,high (D>10)
9,CCCCC(CC)CN(CC(CC)CCCC)C(C)=O,U(VI),2.0,298.15,2.4195,-4.5045,9.3434,9.3434,2.5469,high (D>10)
10,CCCCCCN(CCCCCC)C(=O)c1ccc2ccc3cccnc3c2n1,Eu(III),2.0,295.15,2.5397,-3.7187,8.7981,8.7981,2.3021,high (D>10)
11,CCCCCCCCN(CCCCCCCC)C(=O)COC(C(=O)N(CCCCCCCC)CCCCCCCC)c1ccccc1,Eu(III),4.0,298.15,2.921,-2.7969,8.6389,8.6389,2.1033,high (D>10)
12,CCCCCCP(=O)(CCCCCC)CC(=O)N(C(C)CC)C(C)CC,Am(III),0.5,298.15,2.0589,-4.4063,8.5241,8.5241,2.3781,high (D>10)
13,CCCCCCCC(=O)N(CCCCCC)CCCCCC,U(VI),6.0,298.15,3.7757,-0.7795,8.3309,8.3309,1.6756,high (D>10)
14,CCCCN(C)C(=O)CC(=O)N(C)CCCC,U(VI),3.0,295.15,2.0921,-3.9517,8.1359,8.1359,2.2231,high (D>10)
15,O=C(COCC(=O)N1CCCCC1)N1CCCCC1,La(III),2.0,298.15,4.2131,0.4084,8.0178,8.0178,1.3995,high (D>10)
16,CCCCP(=S)(CCCC)CP(=S)(CCCC)CCCC,Eu(III),5.0,298.15,2.4171,-2.9658,7.8001,7.8001,1.98,high (D>10)
17,CCCCCCP(=O)(CCCCCC)CC(=O)N(CC(C)C)CC(C)C,Am(III),1.0,298.15,-0.1473,-7.8576,7.563,7.563,2.8361,medium (0.5<=D<=10)
18,CCCCCCCCN(CC(CC)CCCC)C(=O)COCC(=O)N(CCCCCCCC)CC(CC)CCCC,Er(III),3.0,298.15,-0.8539,-9.2497,7.542,7.542,3.0883,low (D<0.5)
19,CCCCC(CC)CN(CC(CC)CCCC)C(=O)COCC(=O)N(CC(CC)CCCC)CC(CC)CCCC,La(III),0.1,298.15,2.8448,-1.8511,7.5407,7.5407,1.7273,high (D>10)
20,CCCN(CCC)C(=O)COCC(=O)N(CCC)CCC,La(III),0.1,298.15,2.8993,-1.7226,7.5213,7.5213,1.7001,high (D>10)
21,CCCCCCN(CCCCCC)C(=O)COCC(=O)NCCNC(=O)COCC(=O)N(CCCCCC)CCCCCC,Th(IV),6.0,298.15,1.0044,-5.496,7.5047,7.5047,2.3911,high (D>10)
22,CCCCCOP(=O)(CCCCC)OCCCCC,Pu(VI),2.004107981,295.15,1.5449,-4.3734,7.4633,7.4633,2.177,high (D>10)
23,CCCCCCCCN(CCCCCCCC)C(=O)c1ccc2ccc3ccc(C(=O)N(CCCCCCCC)CCCCCCCC)nc3c2n1,Tb(III),5.3,295.15,2.0922,-3.2287,7.413,7.413,1.9572,high (D>10)
24,CCCCCN(CCCCC)C(=O)COCC(=O)N(CCCCC)CCCCC,U(VI),0.5,298.15,-0.0562,-7.2626,7.1503,7.1503,2.6508,medium (0.5<=D<=10)
25,CCCCOP(=O)(OCCCC)OCCCC,U(VI),1.0,298.15,-2.1343,-11.3417,7.0732,7.0732,3.3868,low (D<0.5)
26,CC(C)CN(CC(C)C)C(=O)COCC(=O)N(CC(C)C)CC(C)C,Np(IV),1.864696296,293.15,2.3828,-2.2381,7.0037,7.0037,1.6997,high (D>10)
27,CCCCCCCCN(C)C(=O)COCC(=O)N(C)CCCCCCCC,La(III),1.0,298.15,2.5349,-1.9166,6.9865,6.9865,1.6374,high (D>10)
28,CCCCCCCCN(CCCCCCCC)C(=O)COC(C)C(=O)N(CCCCCCCC)CCCCCCCC,Eu(III),2.0,298.15,1.3914,-3.7557,6.5384,6.5384,1.8933,high (D>10)
29,CC1(C)OC(C)(C)c2nc(-c3cccc(-c4cccc(-c5nnc6c(n5)C(C)(C)OC6(C)C)n4)n3)nnc21,Eu(III),2.0,298.15,1.3914,-3.7557,6.5384,6.5384,1.8933,high (D>10)
30,CCCCOP(=S)(COCP(=S)(OCCCC)OCCCC)OCCCC,Eu(III),5.0,298.15,2.5303,-1.4445,6.5051,6.5051,1.4621,high (D>10)
31,CCCCCCCCCCCCOCc1cc(-n2cccn2)nc(-n2cccn2)c1,Eu(III),4.0,298.15,1.9431,-2.5355,6.4218,6.4218,1.6474,high (D>10)
32,CCCCCCCCN(CCCCCCCC)C(=S)c1ccc2ccc3ccc(C(=S)N(CCCCCCCC)CCCCCCCC)nc3c2n1,Am(III),1.0,298.15,1.2758,-3.8065,6.358,6.358,1.8694,high (D>10)
33,Cc1ccn(-c2cncc(-n3ccc(C)n3)n2)n1,Am(III),1.0,298.15,1.2758,-3.8065,6.358,6.358,1.8694,high (D>10)
34,CCCCCCN(CCCCCC)C(=O)COCC(=O)N(CCCCCC)CCCCCC,Gd(III),0.0113,295.15,-0.1548,-6.5552,6.2456,6.2456,2.3543,medium (0.5<=D<=10)
35,O=C(COCC(=O)N(c1ccccc1)c1ccccc1)N(c1ccccc1)c1ccccc1,Am(III),3.0,295.15,1.7479,-2.6587,6.1545,6.1545,1.6209,high (D>10)
36,CCCCCCCCN(CCCCCCCC)C(=O)COCC(=O)NCc1ccc(CNC(=O)COCC(=O)N(CCCCCCCC)CCCCCCCC)cc1,Eu(III),4.0133,295.15,2.2108,-1.707,6.1286,6.1286,1.4411,high (D>10)
37,CC1(C)CCC(C)(C)c2nc(-c3cccc(-c4cccc(-c5cccc(-c6nnc7c(n6)C(C)(C)CCC7(C)C)n5)n4)n3)nnc21,Am(III),1.0,298.15,0.1991,-5.6966,6.0949,6.0949,2.1687,medium (0.5<=D<=10)
38,CCCCNC(=O)C(CC)C(=O)Nc1ccc(NC(=O)C(CC)C(=O)NCCCC)cc1,Eu(III),0.0113,295.15,0.0803,-5.924,6.0846,6.0846,2.2086,medium (0.5<=D<=10)
39,CCCCCCCCP(=O)(CC(=O)N(CC(C)C)CC(C)C)c1ccccc1,Th(IV),4.0133,295.15,1.114,-3.8452,6.0731,6.0731,1.8242,high (D>10)
40,CCCCC(CC)CN(CC(=O)N(CC(CC)CCCC)CC(CC)CCCC)CC(=O)N(CC(CC)CCCC)CC(CC)CCCC,Am(III),1.0,298.15,1.2668,-3.5327,6.0663,6.0663,1.7654,high (D>10)
41,CC(C)(C)c1cc(-c2cc(C(C)(C)C)cc(-c3nnc4c(n3)C(C)(C)CCC4(C)C)n2)nc(-c2nnc3c(n2)C(C)(C)CCC3(C)C)c1,Am(III),1.0,298.15,1.2668,-3.5327,6.0663,6.0663,1.7654,high (D>10)
42,CCCCCCN(CCCCCC)C(=O)CC(=O)N(CCCCCC)CCCCCC,La(III),12.1,298.15,1.2947,-3.3469,5.9364,5.9364,1.7074,high (D>10)
43,CCCCCCN1C(=O)c2nc3c(ccc4cc5c(nc43)C(=O)N(CCCCCC)[C@@H]3[C@@H]4CCC(C4)[C@H]53)cc2[C@H]2[C@H]3CC[C@H](C3)[C@H]21,Tb(III),5.3,295.15,1.0345,-3.8597,5.9287,5.9287,1.8003,high (D>10)
44,CCCCCCC(C)N(CCCC)C(=O)COCC(=O)N(CCCC)C(C)CCCCCC,Dy(III),0.957731629,295.15,1.7922,-2.2751,5.8595,5.8595,1.4961,high (D>10)
45,CCCCCCCCN(CCCCCCCC)C(=O)COCP(=O)(OCCCC)OCCCC,Am(III),1.0,298.15,1.1565,-3.4329,5.746,5.746,1.6882,high (D>10)
46,CCCCCCCCN(C(=O)c1ccc2ccc3ccc(C(=O)N(CCCCCCCC)c4ccc(C)cc4)nc3c2n1)c1ccc(C)cc1,Yb(III),3.0,295.15,-0.5257,-6.7827,5.7312,5.7312,2.3015,low (D<0.5)
47,CCCCCCc1ccc(N(CC)C(=O)c2cccc(-c3cccc(C(=O)N(CC)c4ccc(CCCCCC)cc4)n3)n2)cc1,Er(III),2.4,298.15,-0.0417,-5.7612,5.6777,5.6777,2.1038,medium (0.5<=D<=10)
48,CCN(CC)C(=O)COCC(=O)N(CC)CC,La(III),5.0,298.15,4.1171,2.5645,5.6697,5.6697,0.5711,high (D>10)
49,CCCCCCCCN(CCCCCCCC)C(=O)CN(CC(=O)N(CCCCCCCC)CCCCCCCC)CC(=O)N(CCCCCCCC)CCCCCCCC,Cm(III),1.0,298.15,2.7302,-0.1869,5.6473,5.6473,1.073,high (D>10)
50,CCN(C(=O)c1cccc(C(=O)N(CC)c2ccccc2C)n1)c1ccccc1C,Yb(III),3.0,295.15,0.7276,-4.1544,5.6096,5.6096,1.7958,medium (0.5<=D<=10)
51,CCCCC(CC)CP(=O)(CC(=O)N(CC(C)C)CC(C)C)c1ccccc1,Am(III),1.0,298.15,0.2474,-5.0712,5.5659,5.5659,1.9564,medium (0.5<=D<=10)
52,CCCCCCCCCCN(CCCCCCCCCC)C(=O)C(C)OC(C)C(=O)N(CCCCCCCCCC)CCCCCCCCCC,Pu(IV),1.0,293.1656986,2.6462,-0.181,5.4735,5.4735,1.04,high (D>10)
53,CCCCCCCCCCCCN(C)C(=O)C1CC(OC)CC(C(=O)N(C)CCCCCCCCCCCC)O1,Eu(III),4.3,295.15,0.7389,-3.9643,5.4421,5.4421,1.73,medium (0.5<=D<=10)
54,CCCCCCCCN(CCCCCCCC)C(=O)[C@H](C)O[C@H](C)C(=O)N(CCCCCCCC)CCCCCCCC,Ce(III),4.0,296.15,2.6099,-0.1984,5.4182,5.4182,1.033,high (D>10)
55,CCCCCCOP(=O)(CCC(=O)N(CC)CC)OCCCCCC,Am(III),0.5,298.15,-0.1454,-5.649,5.3582,5.3582,2.0244,medium (0.5<=D<=10)
56,CC12CCC(c3nnc(-c4cccc(-c5nnc6c(n5)C5(C)CCC6C5(C)C)n4)nc31)C2(C)C,Am(III),1.0,298.15,1.7763,-1.7825,5.3351,5.3351,1.3091,high (D>10)
57,CN(C(=O)COCC(=O)N(C)c1ccccc1)c1ccccc1,Eu(III),4.3,295.15,1.6972,-1.9193,5.3137,5.3137,1.3303,high (D>10)
58,CCCCCCCCN(CCCCCCCC)C(=O)COCC(=O)NCCCOc1cc(OCCCNC(=O)COCC(=O)N(CCCCCCCC)CCCCCCCC)cc(OCCCNC(=O)COCC(=O)N(CCCCCCCC)CCCCCCCC)c1,U(VI),4.0,296.15,1.2419,-2.735,5.2189,5.2189,1.4629,high (D>10)
59,CCCCCCCCCCCCOCc1cc(-n2ccc(C)n2)nc(-n2ccc(C)n2)c1,Eu(III),4.0,298.15,1.6757,-1.8457,5.1971,5.1971,1.2953,high (D>10)
60,CCCCCCCCN(CCCCCCCC)C(=O)COCC(=O)NCCNC(=O)COCC(=O)N(CCCCCCCC)CCCCCCCC,Th(IV),3.264074345,298.15,0.2911,-4.6026,5.1847,5.1847,1.8001,medium (0.5<=D<=10)
61,CC(C)(C)c1ccc(NC(=O)c2cc(=O)cc(C(=O)Nc3ccc(C(C)(C)C)cc3)o2)cc1,Am(III),3.0,295.15,1.1558,-2.8483,5.1599,5.1599,1.4729,high (D>10)
62,CCCCCCCCN(C)C(=O)CC(=O)NCc1cccc(CNC(=O)CC(=O)N(C)CCCCCCCC)c1,Am(III),0.056234133,298.15,1.1915,-2.7395,5.1225,5.1225,1.446,high (D>10)
63,CCN(C(=O)c1cccc(C(=O)N(CC)c2cccc(C)c2)n1)c1cccc(C)c1,Am(III),1.0,298.15,0.8153,-3.4837,5.1143,5.1143,1.5813,medium (0.5<=D<=10)
64,CCCCC(CC)COP(=O)(OCC(CC)CCCC)OCC(CC)CCCC,U(VI),1.0,298.15,1.3086,-2.4586,5.0759,5.0759,1.3857,high (D>10)
65,CCCCN(CCCC)C(=O)COCC(=O)N(CCN(C(=O)COCC(=O)N(CCCC)CCCC)C(C)C)C(C)C,U(VI),4.3,295.15,1.3846,-2.2383,5.0076,5.0076,1.3327,high (D>10)
66,CCCCCCCCN(CCCCCCCC)C(=O)CC(=O)N(CCCCCCCC)CCCCCCCC,Nd(III),0.085889571,298.15,3.053,1.1703,4.9358,4.9358,0.6926,high (D>10)
67,CCCCCCCCN(CCCCCCCC)C(=O)c1ccc(C(=O)N(CCCCCCCC)CCCCCCCC)s1,Eu(III),3.0,298.15,0.7954,-3.3123,4.9031,4.9031,1.511,medium (0.5<=D<=10)
68,CCCCCCP(=O)(CCCCCC)CC(=O)CC(C)C,Am(III),3.001390821,295.15,1.733,-1.4347,4.9008,4.9008,1.1652,high (D>10)
69,CCCc1nnc(-c2cccc(-c3nnc(CCC)c(CCC)n3)n2)nc1CCC,Eu(III),3.0,295.15,0.4895,-3.9098,4.8889,4.8889,1.6182,medium (0.5<=D<=10)
70,CCCCCCP(=O)(CCCCCC)CC(=O)N(CCCC)CCCC,Ce(III),2.0,298.15,1.0549,-2.779,4.8888,4.8888,1.4103,high (D>10)
71,CCCCCCCCn1cc(-c2cc(CC(=O)O)cc(-c3cn(CCCCCCCC)nn3)n2)nn1,Eu(III),5.0,298.15,0.9814,-2.9209,4.8837,4.8837,1.4354,medium (0.5<=D<=10)
72,CCCCCCCCCCCCN(CCCCCCCCCCCC)C(=O)COC1CCCN(CCCCCC)C1=O,Dy(III),0.5,298.15,1.4433,-1.944,4.8305,4.8305,1.2459,high (D>10)
73,CCCCCCN(CCCC(C)CC(C)(C)C)C(=O)COCC(=O)N(CCCCCC)CCCC(C)CC(C)(C)C,Dy(III),0.5,298.15,1.4433,-1.944,4.8305,4.8305,1.2459,high (D>10)
74,CCCCCCCCN(CCCCCCCC)C(=O)COCCOCC(=O)N(CCCCCCCC)CCCCCCCC,Ho(III),1.0,293.15,-1.3429,-7.4943,4.8084,4.8084,2.2627,low (D<0.5)
75,CC(C)(C)Cc1cc(-c2cccc(-c3cc(CC(C)(C)C)[nH]n3)n2)n[nH]1,Am(III),1.0,298.15,0.3385,-4.1269,4.804,4.804,1.6426,medium (0.5<=D<=10)
76,CCN(CC)C(=O)c1ccc2ccc3cccnc3c2n1,Am(III),1.0,298.15,1.1368,-2.5068,4.7804,4.7804,1.3403,high (D>10)
77,CC(C)CCCCCP(=O)(CC(=O)N(CC(C)C)CC(C)C)c1ccccc1,Eu(III),0.1,298.15,0.0072,-4.7555,4.7699,4.7699,1.7519,medium (0.5<=D<=10)
78,CCCCN(CCCC)C(=O)CC(=O)N(CCCC)CCCC,Nd(III),0.012269939,298.15,2.6066,0.4465,4.7667,4.7667,0.7946,high (D>10)
79,CCCCC(CC)CN(CC(CC)CCCC)C(=O)CC,U(VI),3.0,298.15,1.6309,-1.4743,4.7361,4.7361,1.1422,high (D>10)
80,CCCCCCCCCCN(CCCCCCCCCC)C(=O)COCC(=O)N(CCCCCC)CCCCCC,La(III),4.0,298.15,4.5904,4.4545,4.7263,4.7263,0.05,high (D>10)
81,CCCCCCCCN(CCCCCCCC)C(=S)c1ccc(C(=S)N(CCCCCCCC)CCCCCCCC)s1,Eu(III),3.0,298.15,0.9572,-2.8014,4.7158,4.7158,1.3825,medium (0.5<=D<=10)
82,CCCCCCCCN(CCCCCCCC)C(=O)c1ccc2ccc3cccnc3c2n1,Sm(III),3.0,298.15,1.3526,-2.0042,4.7094,4.7094,1.2348,high (D>10)
83,CCCCCCCCCCCCNC(=O)c1cc(=O)cc(C(=O)NCCCCCCCCCCCC)o1,Am(III),3.0,295.15,0.9488,-2.7986,4.6962,4.6962,1.3784,medium (0.5<=D<=10)
84,CCCCCCCCN(CCCCCCCC)C(=O)COCC(=O)NCCNC(=O)c1cc(C(=O)NCCNC(=O)COCC(=O)N(CCCCCCCC)CCCCCCCC)cc(C(=O)NCCNC(=O)COCC(=O)N(CCCCCCCC)CCCCCCCC)c1,Am(III),4.997101449,298.15,2.9066,1.1222,4.6909,4.6909,0.6564,high (D>10)
85,CCOP(=S)(COCP(=S)(OCC)OCC)OCC,Am(III),1.0,294.15,0.6745,-3.3359,4.6848,4.6848,1.4752,medium (0.5<=D<=10)
86,CCCCP(=S)(CCCC)COCP(=S)(CCCC)CCCC,Am(III),1.0,294.15,0.6745,-3.3359,4.6848,4.6848,1.4752,medium (0.5<=D<=10)
87,CCN(C(=O)c1cccc(C(=O)N(CC)c2ccc(C)cc2)n1)c1ccc(C)cc1,Yb(III),3.0,295.15,-0.3174,-5.3086,4.6737,4.6737,1.8359,low (D<0.5)
88,CCCCCCCCP(=O)(CCCCCCCC)Cc1cccc(CP(=O)(CCCCCCCC)CCCCCCCC)[n+]1[O-],Yb(III),3.0,295.15,-0.3174,-5.3086,4.6737,4.6737,1.8359,low (D<0.5)
89,CCCCC(CC)CN(CC(CC)CCCC)C(=O)CCC,Am(III),1.0,298.15,0.8408,-2.9649,4.6464,4.6464,1.3999,medium (0.5<=D<=10)
90,CCCCCCCCN(CCC)C(=O)COCC(=O)N(CCC)CCCCCCCC,Ho(III),0.5,298.15,1.0506,-2.5432,4.6443,4.6443,1.3219,high (D>10)
91,CCCCCCCCN(C(=O)c1ccc2ccc3cccnc3c2n1)c1cc(C)cc(C)c1,Sm(III),0.5,298.15,0.1927,-4.2585,4.644,4.644,1.6373,medium (0.5<=D<=10)
92,COCCN(CCOC)C(=O)COCC(=O)N(CCOC)CCOC,La(III),3.0,298.15,4.5055,4.3696,4.6414,4.6414,0.05,high (D>10)
93,Cc1cc(-c2cc(C)cc(-c3nnc4c(n3)C(C)(C)CCC4(C)C)n2)nc(-c2nnc3c(n2)C(C)(C)CCC3(C)C)c1,Am(III),1.0,298.15,0.273,-4.0864,4.6324,4.6324,1.6035,medium (0.5<=D<=10)
94,CC(C)c1nnc(-c2cccc(-c3nnc(C(C)C)c(C(C)C)n3)n2)nc1C(C)C,Am(III),6.7,295.15,1.1398,-2.3338,4.6135,4.6135,1.2777,high (D>10)
95,CCCCC(CC)CN(CC(CC)CCCC)C(=O)C(C)(C)C,U(VI),4.0,298.15,1.1532,-2.2892,4.5956,4.5956,1.2662,high (D>10)
96,CC(C)CCN(CCC(C)C)C(=O)COCC(=O)NCc1cccc(CNC(=O)COCC(=O)N(CCC(C)C)CCC(C)C)c1,Eu(III),4.013,295.15,1.3202,-1.9099,4.5503,4.5503,1.1881,high (D>10)
97,CCCCCNC(=O)CC(=O)NCc1cccc(CNC(=O)CC(=O)NCCCCC)c1,Am(III),0.03801894,298.15,0.6599,-3.2295,4.5494,4.5494,1.4307,medium (0.5<=D<=10)
98,CCCCCCCCNC(=O)C(CC)C(=O)NCc1cccc(CNC(=O)C(CC)C(=O)NCCCCCCCC)c1,Am(III),0.03801894,298.15,0.6599,-3.2295,4.5494,4.5494,1.4307,medium (0.5<=D<=10)
99,CCCCC(CC)CN(C)C(=O)COCC(=O)N(C)CC(CC)CCCC,Ce(III),3.0,298.15,2.2438,-0.0536,4.5412,4.5412,0.8451,high (D>10)
100,CCCCN(CCCC)C(=O)c1ccc2ccc3ccc(C(=O)N(CCCC)CCCC)nc3c2n1,Er(III),2.4,298.15,-1.2169,-6.9683,4.5346,4.5346,2.1156,low (D<0.5)
101,CCN(CC)C(=O)COc1c2cc(OC)cc1Cc1cc(OC)cc(c1OCC(=O)N(CC)CC)Cc1cc(OC)cc(c1OCC(=O)N(CC)CC)Cc1cc(OC)cc(c1OCC(=O)N(CC)CC)Cc1cc(OC)cc(c1OCC(=O)N(CC)CC)Cc1cc(OC)cc(c1OCC(=O)N(CC)CC)C2,Eu(III),3.0,295.15,-0.852,-6.224,4.52,4.52,1.976,low (D<0.5)
102,CC1(C)CCC(C)(C)c2nc(-c3cccc(-c4cccc(-c5nnc6c(n5)C(C)(C)CCC6(C)C)n4)n3)nnc21,Nd(III),0.09815951,298.15,1.4578,-1.579,4.4945,4.4945,1.117,high (D>10)
103,O=C(c1cc(Cl)c2ccc3c(Cl)cc(C(=O)N4CCCC4)nc3c2n1)N1CCCC1,Lu(III),0.3,293.15,0.6423,-3.2084,4.493,4.493,1.4164,medium (0.5<=D<=10)
104,CCCCCCCCN(CCCCCCCC)C(=O)CCOCCC(=O)N(CCCCCCCC)CCCCCCCC,Eu(III),3.0,298.15,1.3464,-1.7798,4.4726,4.4726,1.1499,high (D>10)
105,CCCCCCN(CCC(C)CCCC(C)C)C(=O)COCC(=O)N(CCCCCC)CCC(C)CCCC(C)C,Ho(III),3.0,298.15,0.1297,-4.2003,4.4596,4.4596,1.5927,medium (0.5<=D<=10)
106,CCCCCCCCN(CCCCCCCC)C(=O)[C@H](C)O[C@@H](C)C(=O)N(CCCCCCCC)CCCCCCCC,Yb(III),3.0,298.15,1.0193,-2.4114,4.45,4.45,1.2619,high (D>10)
107,CCCCOP(=O)(OCCCC)c1ccc2ccc3ccc(P(=O)(OCCCC)OCCCC)nc3c2n1,Lu(III),6.7,295.15,2.3943,0.3885,4.4001,4.4001,0.7378,high (D>10)
108,CCCCCCOCCP(=O)(CC(=O)N(CC(C)C)CC(C)C)c1ccccc1,Nd(III),1.0,298.15,2.2231,0.0519,4.3943,4.3943,0.7987,high (D>10)
109,CCCCN(CCCC)C(=O)c1ccc2ccc3cccnc3c2n1,Am(III),1.0,298.15,0.1051,-4.1834,4.3935,4.3935,1.5775,medium (0.5<=D<=10)
110,CCCCCCCCN(CC(C)C)C(=O)COCC(=O)N(CCCCCCCC)CC(C)C,Er(III),3.0,298.15,0.0565,-4.2792,4.3922,4.3922,1.5948,medium (0.5<=D<=10)
111,CC(C)CN(CC(C)C)C(=O)CP(=O)(CC(C)CC(C)(C)C)c1ccccc1,La(III),0.06,295.15,2.0676,-0.2219,4.3572,4.3572,0.8422,high (D>10)
112,CCCCCOP(=O)(CP(=O)(OCCCCC)OCCCCC)OCCCCC,Ce(III),2.0,298.15,0.4724,-3.3573,4.302,4.302,1.4087,medium (0.5<=D<=10)
113,CCCCCCN(CCCCCC)C(=O)COCC(=O)N1CCOCC1,Eu(III),4.0,298.15,2.0263,-0.233,4.2857,4.2857,0.8311,high (D>10)
114,CC12CCC(c3nnc(-c4cccc(-c5cccc(-c6nnc7c(n6)C6(C)CCC7C6(C)C)n5)n4)nc31)C2(C)C,Am(III),1.0,298.15,1.6181,-1.0326,4.2687,4.2687,0.975,high (D>10)
115,CCCCCCCCN(C(=O)c1ccc2ccc3cccnc3c2n1)c1ccc(C)cc1,Sm(III),3.0,298.15,0.6525,-2.9233,4.2284,4.2284,1.3153,medium (0.5<=D<=10)
116,CCc1ccc(N(CC)C(=O)c2ccc3ccc4ccc(C(=O)N(CC)c5ccc(CC)cc5)nc4c3n2)cc1,Er(III),2.4,298.15,-1.5414,-7.2999,4.217,4.217,2.1182,low (D<0.5)
117,CCCCCCCCN(C)C(=O)C(CCOCCCCCC)C(=O)N(C)CCCCCCCC,Tm(III),2.0,295.15,0.8184,-2.5631,4.2,4.2,1.2438,medium (0.5<=D<=10)
118,CCN(C(=O)c1cccc(-c2cccc(C(=O)N(CC)c3cc(C)cc(C)c3)n2)n1)c1cc(C)cc(C)c1,Tm(III),2.0,295.15,0.8184,-2.5631,4.2,4.2,1.2438,medium (0.5<=D<=10)
119,CN(C(=O)CC(=O)N(C)c1ccccc1)c1ccccc1,Tb(III),7.4,295.15,0.6502,-2.897,4.1974,4.1974,1.3048,medium (0.5<=D<=10)
120,CCC(CC)CP(=O)(CC(=O)N(CC)CC)CC(CC)CC,Am(III),1.999284692,295.15,2.1284,0.0609,4.1959,4.1959,0.7605,high (D>10)
121,CCCCCCCCN(CCCCCCCC)C(=O)COCC(=O)NCCc1c(CC)c(CCNC(=O)COCC(=O)N(CCCCCCCC)CCCCCCCC)c(CC)c(CCNC(=O)COCC(=O)N(CCCCCCCC)CCCCCCCC)c1CC,U(VI),4.0,296.15,1.6161,-0.9585,4.1908,4.1908,0.947,high (D>10)
122,CCCCCCCCN(CCCCCCCC)C(=O)CNCP(=O)(CCCC)CCCC,Am(III),1.0,298.15,1.7779,-0.6001,4.156,4.156,0.8747,high (D>10)
123,CCCCCCCCN(CCCCCCCC)C(=O)CNCP(=O)(OCCCC)OCCCC,Am(III),1.0,298.15,1.7779,-0.6001,4.156,4.156,0.8747,high (D>10)
124,O=C(c1cc(Cl)c2ccc3c(Cl)cc(C(=O)N4CCCCC4)nc3c2n1)N1CCCCC1,Nd(III),0.012269939,298.15,-0.0868,-4.3256,4.152,4.152,1.5592,medium (0.5<=D<=10)
125,CCCCCCN(CCCCCC)C(=O)COCC(=O)N(CC)CCN(CC)C(=O)COCC(=O)N(CCCCCC)CCCCCC,Th(IV),6.0,298.15,0.6441,-2.8597,4.1479,4.1479,1.2888,medium (0.5<=D<=10)
126,CCCCN(CCCC)C(=O)CCC(=O)N(CCCC)CCCC,Nd(III),3.0,298.15,0.3411,-3.4375,4.1197,4.1197,1.3899,medium (0.5<=D<=10)
127,CCCCCCP(=O)(CCCCCC)CC(=O)N(CC)CC,Am(III),1.0,298.15,0.0879,-3.9206,4.0964,4.0964,1.4745,medium (0.5<=D<=10)
128,CCCCCCn1c(-c2ccccc2)c(-c2ccccc2)c2cc3ccc4cc5c(-c6ccccc6)c(-c6ccccc6)n(CCCCCC)c(=O)c5nc4c3nc2c1=O,Nd(III),3.0,298.15,1.6399,-0.8104,4.0902,4.0902,0.9013,high (D>10)
129,CCCCNC(=O)C(CC)C(=O)NCc1cccc(CNC(=O)C(CC)C(=O)NCCCC)c1,Am(III),0.056234133,298.15,1.2762,-1.5231,4.0756,4.0756,1.0297,high (D>10)
130,CCCCCCCCN(CCCCCCCC)C(=O)CN(C)CC(=O)N(CCCCCCCC)CCCCCCCC,Np(V),1.0,298.15,1.2068,-1.6543,4.0679,4.0679,1.0524,high (D>10)
131,CCCCCCCCN(C)C(=O)C(CCCCCC)(OCC)C(=O)N(C)CCCCCCCC,Eu(III),3.0,298.15,1.1374,-1.7825,4.0574,4.0574,1.0741,high (D>10)
132,CCCCCCCCN(CCCC(CCCC)CCCCCC)C(=O)COCC(=O)N(CCCCCCCC)CCCC(CCCC)CCCCCC,Er(III),3.0,298.15,1.8926,-0.2602,4.0454,4.0454,0.7919,high (D>10)
133,CCCCN(CCCC)C(=O)C(Cc1ccccc1CC(C(=O)N(CCCC)CCCC)C(=O)N(CCCC)CCCC)C(=O)N(CCCC)CCCC,Nd(III),3.0,298.15,0.7578,-2.5255,4.0412,4.0412,1.2077,medium (0.5<=D<=10)
134,CCCCN(CCCC)C(=O)COCC(=O)NCCNC(=O)COCC(=O)N(CCCC)CCCC,Th(IV),5.0,298.15,0.8356,-2.3675,4.0387,4.0387,1.1782,medium (0.5<=D<=10)
135,CCCCCCN(CCCCCC)C(=O)C(CC)CCCC,Pu(IV),1.0,298.15,0.2415,-3.5324,4.0153,4.0153,1.3882,medium (0.5<=D<=10)
136,CCN(C(=O)c1cccc(-c2cccc(C(=O)N(CC)c3cc(C)ccc3C)n2)n1)c1cc(C)ccc1C,Sm(III),3.0,298.15,0.9798,-2.033,3.9925,3.9925,1.1082,medium (0.5<=D<=10)
137,CC1(C)SC(C)(C)c2nc(-c3cccc(-c4cccc(-c5nnc6c(n5)C(C)(C)SC6(C)C)n4)n3)nnc21,Eu(III),2.0,298.15,0.5118,-2.9635,3.9871,3.9871,1.2783,medium (0.5<=D<=10)
138,CCCCCCOP(=O)(OCCCCCC)C(=O)N(CC)CC,Ce(III),2.0,298.15,-0.0639,-4.1012,3.9733,3.9733,1.485,medium (0.5<=D<=10)
139,CCCCNC(=O)C(CCCCCC(C(=O)NCCCC)C(=O)NCCCC)C(=O)NCCCC,Am(III),0.028183829,298.15,0.9757,-2.006,3.9574,3.9574,1.0968,medium (0.5<=D<=10)
140,c1cc2nc(c1)COc1ccccc1OCCOCCOc1ccccc1OC2,La(III),0.07,293.15,0.5762,-2.8039,3.9562,3.9562,1.2433,medium (0.5<=D<=10)
141,CCCCCCN(CCCCCC)C(=O)COCC(=O)N1CCCC1,Eu(III),5.0,298.15,1.0504,-1.8298,3.9305,3.9305,1.0594,high (D>10)
142,CCCCCCN(CCC(C)CCC=C(C)C)C(=O)COCC(=O)N(CCCCCC)CCC(C)CCC=C(C)C,Dy(III),0.5,298.15,1.4248,-1.0713,3.9209,3.9209,0.9182,high (D>10)
143,CCCCN(CCCC)C(=O)COCC(=O)N(CC)CCN(CC)C(=O)COCC(=O)N(CCCC)CCCC,Th(IV),6.644538813,298.15,0.8474,-2.2219,3.9167,3.9167,1.129,medium (0.5<=D<=10)
144,CCN(C(=O)c1cccc(-c2cccc(C(=O)N(CC)c3ccc(C)cc3C)n2)n1)c1ccc(C)cc1C,Sm(III),5.0,298.15,0.8408,-2.2301,3.9116,3.9116,1.1296,medium (0.5<=D<=10)
145,CCCCCCCCOP(=O)(OCCCCCCCC)C(=O)N(CC)CC,Ce(III),5.0,298.15,0.9889,-1.9252,3.903,3.903,1.0719,medium (0.5<=D<=10)
146,CCCCNC(=O)C(Cc1cccc(CC(C(=O)NCCCC)C(=O)NCCCC)c1)C(=O)NCCCC,Eu(III),0.01,295.15,-1.3214,-6.5329,3.89,3.89,1.917,low (D<0.5)
147,CCCCCCCCN(C)C(=O)COCC(=O)N(CCCCCCCC)CCCCCCCC,Sm(III),3.999413146,295.15,1.0521,-1.7788,3.883,3.883,1.0413,high (D>10)
148,CCCCC(CC)COP(=O)(O)OCC(CC)CCCC,Dy(III),3.0,298.15,1.3939,-1.0593,3.8472,3.8472,0.9024,high (D>10)
149,CCCCC(CC)COP(=O)(O)CC(CC)CCCC,Dy(III),3.0,298.15,1.3939,-1.0593,3.8472,3.8472,0.9024,high (D>10)
150,CC(C)CCCC(C)CCCCN(C)C(=O)COCC(=O)N(C)CCCCC(C)CCCC(C)C,Er(III),3.0,298.15,2.1603,0.4921,3.8285,3.8285,0.6136,high (D>10)
151,CCCCCCCCOc1cc2c(OCC(=O)N(CC)CC)c(c1)Cc1cc(OCCCCCCCC)cc(c1OCC(=O)N(CC)CC)Cc1cc(OCCCCCCCC)cc(c1OCC(=O)N(CC)CC)Cc1cc(OCCCCCCCC)cc(c1OCC(=O)N(CC)CC)Cc1cc(OCCCCCCCC)cc(c1OCC(=O)N(CC)CC)Cc1cc(OCCCCCCCC)cc(c1OCC(=O)N(CC)CC)Cc1cc(OCCCCCCCC)cc(c1OCC(=O)N(CC)CC)Cc1cc(OCCCCCCCC)cc(c1OCC(=O)N(CC)CC)C2,Eu(III),2.0,295.15,-1.0598,-5.9203,3.8006,3.8006,1.7879,low (D<0.5)
152,CCCCCCCCN(CCC(C)CC(C)(C)C)C(=O)COCC(=O)N(CCCCCCCC)CCC(C)CC(C)(C)C,Sm(III),3.001760563,295.15,1.9822,0.1693,3.795,3.795,0.6668,high (D>10)
153,CCCCCCCCP(=O)(CC(=O)N(CCCC)CCCC)c1ccccc1,La(III),3.0,295.15,0.6929,-2.3963,3.7821,3.7821,1.1363,medium (0.5<=D<=10)
154,CCCCCCN(CCCCCC)C(=O)COCC(=O)N1CCCCC1,Eu(III),1.0,308.15,1.5284,-0.7146,3.7714,3.7714,0.8251,high (D>10)
155,CCN(C(=O)c1cccc(-c2cccc(C(=O)N(CC)c3ccccc3)n2)n1)c1ccccc1,Nd(III),3.0,298.15,1.4234,-0.9213,3.768,3.768,0.8624,high (D>10)
156,CC(C)CCN(CCC(C)C)C(=O)COCC(=O)N(CCC(C)C)CCC(C)C,Np(IV),3.0,298.15,1.2383,-1.2803,3.757,3.757,0.9265,high (D>10)
157,CCCCNC(=O)CC(=O)Nc1ccccc1NC(=O)CC(=O)NCCCC,Am(III),0.107151931,298.15,1.034,-1.6858,3.7537,3.7537,1.0004,high (D>10)
158,O=c1c(O)c(-c2ccc(O)c(O)c2)oc2cc(O)cc(O)c12,La(III),5.1,298.15,0.3884,-2.9677,3.7446,3.7446,1.2345,medium (0.5<=D<=10)
159,CCCCCCCCCCCCN(C)C(=O)COCC(=O)N(C)CCCCCCCCCCCC,Pr(III),1.0,298.15,-0.0496,-3.8348,3.7356,3.7356,1.3923,medium (0.5<=D<=10)
160,CCCCCCC(CCCC)CCCN(C)C(=O)COCC(=O)N(C)CCCC(CCCC)CCCCCC,Ce(III),3.0,298.15,2.0245,0.3203,3.7288,3.7288,0.6269,high (D>10)
161,CCCCCCCCN(C(=O)c1ccc2ccc3ccc(C(=O)N(CCCCCCCC)c4cc(C)cc(C)c4)nc3c2n1)c1cc(C)cc(C)c1,Yb(III),3.0,295.15,-0.329,-4.3363,3.6782,3.6782,1.474,low (D<0.5)
162,CCCCOP(=S)(CP(=S)(OCCCC)OCCCC)OCCCC,Am(III),3.0,298.15,2.2224,0.8257,3.6192,3.6192,0.5138,high (D>10)
163,CCCCCCCCN(CCCCCCCC)C(=O)C(C)OC(C)C(=O)N(CCCCCCCC)CCCCCCCC,Nd(III),3.0,298.15,0.2084,-3.1885,3.6053,3.6053,1.2495,medium (0.5<=D<=10)
164,CCCCCCOP(=O)(O)OCCCCCC,Tb(III),7.4,295.15,0.2811,-3.0195,3.5816,3.5816,1.2141,medium (0.5<=D<=10)
165,CCCCNC(=O)C(CCCCCCC(C(=O)NCCCC)C(=O)NCCCC)C(=O)NCCCC,Eu(III),0.01,295.15,-1.0972,-5.7161,3.5218,3.5218,1.699,low (D<0.5)
166,CCc1nnc(-c2cccc(-c3cccc(-c4nnc(CC)c(CC)n4)n3)n2)nc1CC,Eu(III),3.0,298.15,1.0844,-1.3327,3.5015,3.5015,0.8891,high (D>10)
167,S=P(S)(c1ccccc1Cl)c1ccccc1Cl,Eu(III),0.1,298.15,0.223,-3.0344,3.4804,3.4804,1.1982,medium (0.5<=D<=10)
168,CCCCOP(=O)(CCCC)OCCCC,U(VI),1.0,298.15,0.1041,-3.2644,3.4725,3.4725,1.239,medium (0.5<=D<=10)
169,CCCCN(CCCC)C(=O)COCC(=O)NCc1cccc(CNC(=O)COCC(=O)N(CCCC)CCCC)c1,Eu(III),2.0,295.15,-0.3832,-4.2172,3.4507,3.4507,1.4103,low (D<0.5)
170,CC(C)CN(CC(C)C)C(=O)CP(=O)(C1CCCCC1)C1CCCCC1,Sm(III),0.5,298.15,0.2652,-2.909,3.4394,3.4394,1.1676,medium (0.5<=D<=10)
171,O=C(c1ccccc1)c1ccc2ccccc2n1,Am(III),1.0,298.15,2.1182,0.7982,3.4382,3.4382,0.4855,high (D>10)
172,O=C(O)CN(CC(=O)O)C1CCCCC1N(CC(=O)O)CC(=O)O,Sm(III),2.0,298.15,-0.0213,-3.4767,3.434,3.434,1.271,medium (0.5<=D<=10)
173,CCCCNC(=O)CC(=O)NCc1cccc(CNC(=O)CC(=O)NCCCC)c1,Am(III),0.03801894,298.15,0.8424,-1.7291,3.4139,3.4139,0.9459,medium (0.5<=D<=10)
174,CCCCCCCCCCN(CCCCCCCCCC)C(=O)[C@H](CCC)O[C@@H](CCC)C(=O)N(CCCCCCCCCC)CCCCCCCCCC,Am(III),3.0,298.15,1.9021,0.4093,3.3948,3.3948,0.5491,high (D>10)
175,CCCCCCCCP(=O)(CCCCCCCC)CCCCCCCC,Am(III),6.0,298.15,1.3425,-0.6719,3.357,3.357,0.741,high (D>10)
176,CCCCCCOCCC(C(=O)N(C)CCCC)C(=O)N(C)CCCC,La(III),2.55,298.15,0.2915,-2.7711,3.3541,3.3541,1.1265,medium (0.5<=D<=10)
177,CCCCCCCCN(CCCCCCCC)C(=O)[C@H](CCC)O[C@H](CCC)C(=O)N(CCCCCCCC)CCCCCCCC,Am(III),1.0,298.15,1.5899,-0.1666,3.3464,3.3464,0.6461,high (D>10)
178,CCCCCCCCNC(=O)c1cc(Cl)ccn1,Am(III),3.0,298.15,2.0946,0.8695,3.3197,3.3197,0.4506,high (D>10)
179,CCCCCCCCN(CCCCCCCC)C(=O)COCC(=O)NCc1cccc(CNC(=O)COCC(=O)N(CCCCCCCC)CCCCCCCC)c1,Eu(III),4.0133,295.15,1.2517,-0.8159,3.3194,3.3194,0.7606,high (D>10)
180,CCCCCCCCN(CCCCCCCC)C(=O)COCC(=O)NCCCOCCCNC(=O)COCC(=O)N(CCCCCCCC)CCCCCCCC,Am(III),3.0,295.15,1.6548,0.0189,3.2908,3.2908,0.6018,high (D>10)
181,CC1(C)CCC(C)(C)c2nc(-c3ccc4ccc5ccc(-c6nnc7c(n6)C(C)(C)CCC7(C)C)nc5c4n3)nnc21,Am(III),3.0,298.15,2.0419,0.7957,3.2881,3.2881,0.4584,high (D>10)
182,CCCCCCCCNC(=O)c1cc(OC)ccn1,Am(III),3.0,298.15,1.9781,0.6827,3.2734,3.2734,0.4765,high (D>10)
183,CCCCCCCCN(CCCCC(C)CCCC(C)C)C(=O)COCC(=O)N(CCCCCCCC)CCCCC(C)CCCC(C)C,Dy(III),3.0,298.15,0.3476,-2.5523,3.2475,3.2475,1.0667,medium (0.5<=D<=10)
184,CCCCCCCCN(CCCCCCCC)C(=O)CN(CC(=O)N(CCCCCCCC)CCCCCCCC)c1ccccc1,Am(III),3.0,298.15,1.9318,0.618,3.2455,3.2455,0.4832,high (D>10)
185,CCCCCCCCCCCCCCC(C(=O)N(C)CCCC)C(=O)N(C)CCCC,Pu(IV),1.0,298.15,0.1477,-2.9352,3.2307,3.2307,1.134,medium (0.5<=D<=10)
186,CCCCCCCCNC(=O)C(CCCCCC(C(=O)NCCCCCCCC)C(=O)NCCCCCCCC)C(=O)NCCCCCCCC,Eu(III),4.0,295.15,-1.2878,-5.7977,3.222,3.222,1.6589,low (D<0.5)
187,CCCCCCCCN(CCCCCCCC)C(=O)COCC(=O)N1CCCCC1,Eu(III),1.0,288.15,1.6466,0.1039,3.1892,3.1892,0.5675,high (D>10)
188,CCCCCCCCCCCCN(CC)C(=O)COCC(=O)N(CC)CCCCCCCCCCCC,Pr(III),1.0,298.15,0.7985,-1.5922,3.1892,3.1892,0.8794,medium (0.5<=D<=10)
189,CCCCCCCCN(CCCCCCCC)C(=O)COCC(=O)N1CCOCC1,Eu(III),1.0,288.15,1.6466,0.1039,3.1892,3.1892,0.5675,high (D>10)
190,Cc1ccn(-c2cccc(-n3ccc(C)n3)n2)n1,Am(III),5.0,298.15,2.043,0.9456,3.1403,3.1403,0.4037,high (D>10)
191,CCCCCCCCN(C)C(=O)COCC(=O)NCc1cccc(CNC(=O)COCC(=O)N(C)CCCCCCCC)c1,Am(III),1.0,298.15,0.7788,-1.5677,3.1254,3.1254,0.8631,medium (0.5<=D<=10)
192,CCCCCCCCOc1cc(C(=O)N(C)c2ccc(C(C)(C)C)cc2)nc(C(=O)N(C)c2ccc(C(C)(C)C)cc2)c1,Am(III),7.0,298.15,2.9669,2.8309,3.1028,3.1028,0.05,high (D>10)
193,CCCCNC(=S)C(CC)C(=S)Nc1cccc(NC(=S)C(CC)C(=S)NCCCC)c1,Am(III),0.5,298.15,-0.643,-4.3795,3.0935,3.0935,1.3744,low (D<0.5)
194,CCCCNC(=O)CC(=O)NCCCC,Am(III),0.5,298.15,-0.643,-4.3795,3.0935,3.0935,1.3744,low (D<0.5)
195,CCCCC(CC)CN(CC(CC)CCCC)C(=O)CN(CC(=O)N(CC(CC)CCCC)CC(CC)CCCC)CC(=O)N(CC(CC)CCCC)CC(CC)CCCC,Am(III),3.0,298.15,2.6032,2.1291,3.0773,3.0773,0.1744,high (D>10)
196,CC(C)(C)c1ccc(NCC(=O)c2cccc(C(=O)CNc3ccc(C(C)(C)C)cc3)n2)cc1,Am(III),1.0,298.15,1.4349,-0.2029,3.0727,3.0727,0.6024,high (D>10)
197,CCCCCCCCCCCCNCC(=O)c1cccc(C(=O)CNCCCCCCCCCCCC)n1,Am(III),1.0,298.15,1.4349,-0.2029,3.0727,3.0727,0.6024,high (D>10)
198,CCCCCCCCOc1cc(C(=O)Nc2ccc(C(C)(C)C)cc2)nc(C(=O)Nc2ccc(C(C)(C)C)cc2)c1,Am(III),3.0,298.15,2.0786,1.0913,3.0659,3.0659,0.3632,high (D>10)
199,CCCCCCCCN(CCCCCCCC)C(=O)C1CCC(C(=O)N(CCCCCCCC)CCCCCCCC)O1,Am(III),0.009332543,298.15,0.8478,-1.3528,3.0484,3.0484,0.8095,medium (0.5<=D<=10)
200,CCCCCCCCCCCCNC(=O)c1cc(OC)ccn1,Am(III),1.0,298.15,1.3741,-0.3002,3.0484,3.0484,0.6159,high (D>10)
201,CCCCCCCCN(CCCCCCCC)C(=O)CN(CC(=O)N(CCCCCCCC)CCCCCCCC)Cc1ccccc1,Am(III),7.0,298.15,2.7442,2.4756,3.0128,3.0128,0.0988,high (D>10)
202,c1cc(-n2cccn2)nc(-n2cccn2)c1,Am(III),1.0,298.15,1.7517,0.5,3.0034,3.0034,0.4604,high (D>10)
203,CCCCCCCCN(CCCCCCCC)C(=O)c1ccc(C(=O)N(CCCCCCCC)CCCCCCCC)o1,Am(III),3.0,298.15,2.6485,2.2981,2.9989,2.9989,0.1289,high (D>10)
204,CCCCCCCCN(CC)C(=O)COCC(=O)N(CC)CCCCCCCC,Pr(III),0.948149623,293.15,2.8628,2.7269,2.9988,2.9988,0.05,high (D>10)
205,CCCCCCCCCCCCN(CCCC)C(=O)COCC(=O)N(CCCC)CCCCCCCCCCCC,Pr(III),1.0,298.15,0.9545,-1.0586,2.9676,2.9676,0.7405,medium (0.5<=D<=10)
206,CCCCCCCCN(C)C(=O)C(CCCCCC)C(=O)N(C)CCCCCCCC,Nd(III),2.993865031,298.15,-0.1437,-3.2509,2.9634,2.9634,1.1429,medium (0.5<=D<=10)
207,CCCCCCCCCCCCN(CCCCCCCC)C(=O)COCC(=O)N(CCCCCCCC)CCCCCCCCCCCC,Dy(III),3.0,298.15,-0.5519,-4.051,2.9473,2.9473,1.2871,low (D<0.5)
208,CCCCCCCCN(CCCCCCCC)C(=O)C(C)OC(C(=O)N(CCCCCCCC)CCCCCCCC)c1ccccc1,Am(III),5.0,298.15,2.7925,2.6379,2.947,2.947,0.0569,high (D>10)
209,Cc1cc(C)n(-c2cccc(-n3nc(C)cc3C)n2)n1,Am(III),5.0,298.15,2.7925,2.6379,2.947,2.947,0.0569,high (D>10)
210,CCCCCCCCN(CCCCCCCC)C(=O)CNCC(=O)N(CCCCCCCC)CCCCCCCC,Am(III),3.0,298.15,2.3618,1.7917,2.9319,2.9319,0.2097,high (D>10)
211,CCCCCCCCN(CCCCCCCC)C(=O)CN(CC(=O)N(CCCCCCCC)CCCCCCCC)C(C)=O,Am(III),7.0,298.15,2.6605,2.39,2.931,2.931,0.0995,high (D>10)
212,O=C(c1cc(Cl)c2ccc3c(Cl)cc(C(=O)n4c5ccccc5c5ccccc54)nc3c2n1)n1c2ccccc2c2ccccc21,Eu(III),0.5,298.15,-0.9492,-4.8285,2.9301,2.9301,1.4269,low (D<0.5)
213,CCCCCCCCN(CCCCCCCC)C(=O)COCP(=O)(CCCC)CCCC,Am(III),1.0,298.15,1.3705,-0.1878,2.9288,2.9288,0.5732,high (D>10)
214,CCCCCCN(C)C(=O)CC(=O)N(C)CCCCCC,Nd(III),0.993865031,298.15,1.252,-0.4163,2.9203,2.9203,0.6137,high (D>10)
215,CCCCCCCCN(CCCCCCCC)C(=O)COCC(=O)N1CCCC1,Eu(III),1.0,298.15,0.4795,-1.9541,2.913,2.913,0.8951,medium (0.5<=D<=10)
216,CCCCNC(=O)CC(=O)NCc1ccccc1,Am(III),1.0,298.15,-0.1085,-3.1235,2.9064,2.9064,1.109,medium (0.5<=D<=10)
217,O=C(c1ccc2ccc3ccc(C(=O)N4CCCC4)nc3c2n1)N1CCCC1,Eu(III),0.1,298.15,-0.4665,-3.8335,2.9005,2.9005,1.2385,low (D<0.5)
218,CCCCCCOP(=O)(CCCCCC)CC(=O)N(CC)CC,Am(III),5.0,298.15,1.0875,-0.7212,2.8962,2.8962,0.6653,high (D>10)
219,CCCCCCCCN(CCCCCCCC)C(=O)COCC(=O)NCCCCCNC(=O)COCC(=O)N(CCCCCCCC)CCCCCCCC,Am(III),3.0,298.15,0.5278,-1.8015,2.8571,2.8571,0.8568,medium (0.5<=D<=10)
220,CCCCCCOc1cc(CNC(=O)COCC(=O)N(CCCC)CCCC)cc(CNC(=O)COCC(=O)N(CCCC)CCCC)c1,Am(III),3.0,298.15,0.5278,-1.8015,2.8571,2.8571,0.8568,medium (0.5<=D<=10)
221,CCCCCCN(CC(CC)CCCC)C(=O)CN(CC(=O)N(CC(CC)CCCC)CC(CC)CCCC)CC(=O)N(CC(CC)CCCC)CC(CC)CCCC,Am(III),0.009332543,298.15,0.6471,-1.5406,2.8347,2.8347,0.8047,medium (0.5<=D<=10)
222,CCCCNC(=O)CC(=O)Nc1ccc(NC(=O)CC(=O)NCCCC)cc1,Am(III),0.009332543,298.15,0.6471,-1.5406,2.8347,2.8347,0.8047,medium (0.5<=D<=10)
223,Cc1cc(C)n(-c2cncc(-n3nc(C)cc3C)n2)n1,Am(III),1.0,298.15,0.3656,-2.0795,2.8108,2.8108,0.8994,medium (0.5<=D<=10)
224,CCCCCCCCNC(=O)CC(=O)NCc1cccc(CNC(=O)CC(=O)NCCCCCCCC)c1,Am(III),0.05623413,298.15,0.6667,-1.476,2.8094,2.8094,0.7882,medium (0.5<=D<=10)
225,CCCCCCCCNC(=O)C(CCCCCCC(C(=O)NCCCCCCCC)C(=O)NCCCCCCCC)C(=O)NCCCCCCCC,Am(III),0.107151931,298.15,1.0791,-0.6405,2.7987,2.7987,0.6325,high (D>10)
226,CCCCCCCCN(C)C(=O)CC(=O)Nc1ccc(NC(=O)CC(=O)N(C)CCCCCCCC)cc1,Am(III),0.107151931,298.15,1.0791,-0.6405,2.7987,2.7987,0.6325,high (D>10)
227,CC1(C)CCC(C)(C)c2nc(-c3cccc(-c4cccc(-c5ccccn5)n4)n3)nnc21,Am(III),7.0,298.15,2.6393,2.5034,2.7752,2.7752,0.05,high (D>10)
228,CCCCCCCCC(C)(C)SCC1CN(C(=O)COCC(=O)N2CC(C)C(CSC(C)(C)CCCCCCCC)C2)CC1C,Er(III),3.0,298.15,2.3002,1.8359,2.7645,2.7645,0.1708,high (D>10)
229,CCCCCCCCNC(=O)c1cnccn1,Am(III),3.0,298.15,1.907,1.0744,2.7396,2.7396,0.3063,high (D>10)
230,CCCCCCCCN(CCCCCCCC)C(=O)COCC(=O)N(CC)CCN(CC)C(=O)COCC(=O)N(CCCCCCCC)CCCCCCCC,Th(IV),1.0,298.15,-0.3079,-3.3359,2.7202,2.7202,1.1138,low (D<0.5)
231,CCCCCCCCNC(=O)C(Cc1cccc(CC(C(=O)NCCCCCCCC)C(=O)NCCCCCCCC)c1)C(=O)NCCCCCCCC,Am(III),0.009332543,298.15,0.6939,-1.3308,2.7186,2.7186,0.7448,medium (0.5<=D<=10)
232,CCCCNC(=O)CC(=O)Nc1cccc(NC(=O)CC(=O)NCCCC)c1,Am(III),0.009332543,298.15,0.6939,-1.3308,2.7186,2.7186,0.7448,medium (0.5<=D<=10)
233,CCCCNC(=O)C(CC)C(=O)Nc1cccc(NC(=O)C(CC)C(=O)NCCCC)c1,Am(III),0.028183829,298.15,0.6446,-1.4268,2.716,2.716,0.7619,medium (0.5<=D<=10)
234,CCN(CC)C(=O)COc1c2cc(OC)cc1Cc1cc(OC)cc(c1OCC(=O)N(CC)CC)Cc1cc(OC)cc(c1OCC(=O)N(CC)CC)Cc1cc(OC)cc(c1OCC(=O)N(CC)CC)Cc1cc(OC)cc(c1OCC(=O)N(CC)CC)Cc1cc(OC)cc(c1OCC(=O)N(CC)CC)Cc1cc(OC)cc(c1OCC(=O)N(CC)CC)Cc1cc(OC)cc(c1OCC(=O)N(CC)CC)C2,Eu(III),1.0,298.15,-0.0901,-2.8559,2.6757,2.6757,1.0174,medium (0.5<=D<=10)
235,S=P(COCP(=S)(c1ccccc1)c1ccccc1)(c1ccccc1)c1ccccc1,Am(III),1.0,298.15,0.4453,-1.7806,2.6711,2.6711,0.8188,medium (0.5<=D<=10)
236,CCCCCCCCNC(=O)C(CC)C(=O)NCc1ccc(CNC(=O)C(CC)C(=O)NCCCCCCCC)cc1,Am(III),1.0,298.15,0.1513,-2.3617,2.6644,2.6644,0.9244,medium (0.5<=D<=10)
237,CCCCNC(=S)C(CC)C(=S)Nc1ccc(NC(=S)C(CC)C(=S)NCCCC)cc1,Am(III),1.0,298.15,0.1513,-2.3617,2.6644,2.6644,0.9244,medium (0.5<=D<=10)
238,CCCCNC(=O)CC(=O)NCc1ccc(CNC(=O)CC(=O)NCCCC)cc1,Am(III),4.0,298.15,0.7195,-1.2031,2.6421,2.6421,0.7072,medium (0.5<=D<=10)
239,CCCCCCCCN(C)C(=O)COCC(=O)N(C)Cc1cccc(CN(C)C(=O)COCC(=O)N(C)CCCCCCCC)c1,Am(III),1.0,298.15,0.4279,-1.7675,2.6234,2.6234,0.8076,medium (0.5<=D<=10)
240,CCCCN(CCCC)C(=O)CCC,U(VI),1.0,298.15,0.8724,-0.8534,2.5982,2.5982,0.6348,medium (0.5<=D<=10)
241,CCCCCCOP(=O)(CC(=O)N(CCCC)CCCC)OCCCCCC,Ce(III),1.0,298.15,0.3854,-1.801,2.5718,2.5718,0.8042,medium (0.5<=D<=10)
242,CCCCCCCCN(CCCCCCCC)C(=O)COCC(=O)N(C)C,Ce(III),0.03801894,298.15,1.5884,0.6097,2.567,2.567,0.36,high (D>10)
243,CCCCCCCCN(C)C(=O)CC(=O)N(C)CCCCCCCC,Eu(III),0.1,298.15,0.0076,-2.5379,2.5531,2.5531,0.9363,medium (0.5<=D<=10)
244,CCCCCCCCCCCCN(CCC)C(=O)COCC(=O)N(CCC)CCCCCCCCCCCC,Pr(III),1.0,298.15,0.773,-1.0061,2.5522,2.5522,0.6544,medium (0.5<=D<=10)
245,c1ccc2c(c1)OCCOCCOc1ccccc1OCCOCCO2,Ce(III),5.0,298.15,0.4422,-1.4596,2.3439,2.3439,0.6995,medium (0.5<=D<=10)
246,CCCCC(CC)CN(CC(CC)CCCC)C(=O)CCOCCC(=O)N(CC(CC)CCCC)CC(CC)CCCC,Am(III),1.0,298.15,0.9609,-0.3147,2.2365,2.2365,0.4692,medium (0.5<=D<=10)
247,CCCCNC(=S)C(CC)C(=S)Nc1ccccc1NC(=S)C(CC)C(=S)NCCCC,Am(III),3.0,298.15,-0.0572,-2.2343,2.1199,2.1199,0.8008,medium (0.5<=D<=10)
248,CCOP(=O)(OCC)c1ccc2ccc3ccc(P(=O)(OCC)OCC)nc3c2n1,Eu(III),1.0,298.15,-0.7069,-3.5299,2.1161,2.1161,1.0384,low (D<0.5)
249,CCCCNC(=S)CC(=S)Nc1cccc(NC(=S)CC(=S)NCCCC)c1,Am(III),4.0,298.15,0.3473,-1.3901,2.0847,2.0847,0.6391,medium (0.5<=D<=10)
250,CCCCCC(C)Oc1cc(CNC(=O)COCC(=O)N(CCCC)CCCC)cc(CNC(=O)COCC(=O)N(CCCC)CCCC)c1,Am(III),0.5,298.15,-0.2289,-2.535,2.0772,2.0772,0.8483,medium (0.5<=D<=10)
251,O=P(c1ccccc1)(c1ccccc1)c1ccc2ccc3ccc(P(=O)(c4ccccc4)c4ccccc4)nc3c2n1,Eu(III),1.0,298.15,0.0261,-2.0235,2.0756,2.0756,0.7539,medium (0.5<=D<=10)
252,CCCCP(=O)(c1ccccc1)c1ccc2ccc3cccnc3c2n1,Eu(III),0.3,298.15,1.2615,0.4999,2.023,2.023,0.2801,high (D>10)
253,CCCCCCCCN(CCCCCCCC)C(=O)c1ccc2ccccc2n1,Am(III),1.0,298.15,1.7686,1.5148,2.0224,2.0224,0.0934,high (D>10)
254,CCCCP(=O)(c1ccccc1)c1ccc2ccc3ccc(P(=O)(CCCC)c4ccccc4)nc3c2n1,Eu(III),0.001,298.15,1.1316,0.2474,2.0157,2.0157,0.3252,high (D>10)
255,CCCCN(CCCC)C(=O)c1ccccc1C(=O)O,Eu(III),0.3,298.15,1.0444,0.0905,1.9982,1.9982,0.3509,high (D>10)
256,CCCCNC(=S)CC(=S)NCc1cccc(CNC(=S)CC(=S)NCCCC)c1,Am(III),2.0,298.15,0.211,-1.5701,1.9921,1.9921,0.6552,medium (0.5<=D<=10)
257,CCCCCCCCN(C)C(=O)C(CC)C(=O)NCc1ccc(CNC(=O)C(CC)C(=O)N(C)CCCCCCCC)cc1,Am(III),2.0,298.15,0.211,-1.5701,1.9921,1.9921,0.6552,medium (0.5<=D<=10)
258,CCCCCCCCN(CCCCCCCC)C(=O)COCC(=O)N(CCN(C(=O)COCC(=O)N(CCCCCCCC)CCCCCCCC)C(C)C)C(C)C,Th(IV),3.0,298.15,-0.1333,-2.2524,1.9857,1.9857,0.7794,medium (0.5<=D<=10)
259,C1COCCOCCOCCOCCOCCO1,La(III),0.05,293.15,-0.0911,-2.1614,1.9792,1.9792,0.7615,medium (0.5<=D<=10)
260,CCCCN(C)C(=O)CC(=O)Nc1cccc(NC(=O)CC(=O)N(C)CCCC)c1,Am(III),0.107151931,298.15,0.8636,-0.2477,1.9748,1.9748,0.4088,medium (0.5<=D<=10)
261,CCCCCCCCNC(=O)CC(=O)NCc1ccccc1,Am(III),2.0,298.15,-0.55,-3.0625,1.9626,1.9626,0.9242,low (D<0.5)
262,CCCCNC(=O)C(CC)C(=O)Nc1ccccc1NC(=O)C(CC)C(=O)NCCCC,Am(III),0.028183829,298.15,0.5813,-0.7833,1.9459,1.9459,0.502,medium (0.5<=D<=10)
263,CC(C)(C)c1ccc(NC(=O)c2cnccn2)cc1,Eu(III),2.0,298.15,0.456,-1.0208,1.9328,1.9328,0.5432,medium (0.5<=D<=10)
264,C1CCC2OCCOCCOC3CCCCC3OCCOCCOC2C1,Ce(III),5.0,298.15,-0.0819,-2.0929,1.9292,1.9292,0.7397,medium (0.5<=D<=10)
265,CCCCCCCCCCCCOc1cc(CNC(=O)COCC(=O)N(CCCC)CCCC)cc(CNC(=O)COCC(=O)N(CCCC)CCCC)c1,Am(III),4.0,298.15,0.2304,-1.4047,1.8655,1.8655,0.6014,medium (0.5<=D<=10)
266,CCCCCCCCCCCCCCOc1cc(CNC(=O)CC(=O)NCCCC)cc(CNC(=O)CC(=O)NCCCC)c1,Am(III),2.0,298.15,0.5478,-0.6785,1.7742,1.7742,0.4511,medium (0.5<=D<=10)
267,CCCCCNC(=O)CC(=O)NCc1ccc(CNC(=O)CC(=O)NCCCCC)cc1,Am(III),3.0,298.15,0.0659,-1.6328,1.7646,1.7646,0.6248,medium (0.5<=D<=10)
268,CCN(C(=O)c1ccc2ccc3ccc(C(=O)N(CC)c4ccc(C)cc4)nc3c2n1)c1ccc(C)cc1,Eu(III),0.001,298.15,1.0889,0.4606,1.7172,1.7172,0.2311,high (D>10)
269,CCCCc1cc(-c2ccc3ccc4ccc(-c5cc(CCCC)[nH]n5)nc4c3n2)n[nH]1,Eu(III),1.0,298.15,0.093,-1.4837,1.6697,1.6697,0.58,medium (0.5<=D<=10)
270,CCCCNC(=S)C(CC)C(=S)NCc1ccc(CNC(=S)C(CC)C(=S)NCCCC)cc1,Am(III),4.0,298.15,-1.2972,-4.2607,1.6663,1.6663,1.0901,low (D<0.5)
271,CCCCCCCCN(CC(=O)N(CCCCCCCC)CCCCCCCC)CC(=O)N(CCCCCCCC)CCCCCCCC,Am(III),1.0,298.15,0.9382,0.2192,1.6572,1.6572,0.2645,medium (0.5<=D<=10)
272,O=C(c1cccc(-c2cccc(C(=O)N3CCCC3)n2)n1)N1CCCC1,Eu(III),1.0,298.15,0.2495,-1.1404,1.6393,1.6393,0.5112,medium (0.5<=D<=10)
273,CCCCN(CCCC)C(=O)COCC(=O)NCCCCCNC(=O)COCC(=O)N(CCCC)CCCC,Am(III),2.0,298.15,0.2462,-1.1386,1.6311,1.6311,0.5094,medium (0.5<=D<=10)
274,O=C(O)CN(CCO)CCN(CC(=O)O)CC(=O)O,Nd(III),0.2,298.15,-1.1317,-3.8655,1.6022,1.6022,1.0056,low (D<0.5)
275,CCCCNC(=O)C(CC)C(=O)NCc1ccc(CNC(=O)C(CC)C(=O)NCCCC)cc1,Am(III),3.0,298.15,0.1692,-1.2554,1.5939,1.5939,0.524,medium (0.5<=D<=10)
276,CCCCCOc1cc2c(OCC(=O)N(CC)CC)c(c1)Cc1cc(OCCCCC)cc(c1OCC(=O)N(CC)CC)Cc1cc(OCCCCC)cc(c1OCC(=O)N(CC)CC)Cc1cc(OCCCCC)cc(c1OCC(=O)N(CC)CC)Cc1cc(OCCCCC)cc(c1OCC(=O)N(CC)CC)Cc1cc(OCCCCC)cc(c1OCC(=O)N(CC)CC)Cc1cc(OCCCCC)cc(c1OCC(=O)N(CC)CC)Cc1cc(OCCCCC)cc(c1OCC(=O)N(CC)CC)C2,Eu(III),0.3,293.15,-1.157,-3.8982,1.5843,1.5843,1.0083,low (D<0.5)
277,CCCCCCN(CCCCCC)C(=O)COCC(=O)N(CCN(C(=O)COCC(=O)N(CCCCCC)CCCCCC)C(C)C)C(C)C,Th(IV),2.0,298.15,-0.3002,-2.0202,1.4198,1.4198,0.6327,medium (0.5<=D<=10)
278,CCCCCCCCN(CCCCCCCC)C(=O)COCC(=O)NCCCCCCNC(=O)COCC(=O)N(CCCCCCCC)CCCCCCCC,Am(III),0.5,298.15,-0.7039,-2.7912,1.3835,1.3835,0.7678,low (D<0.5)
279,CCCCCCCCN(CCCCCCCC)C(=O)COCC(=O)NCCOCCNC(=O)COCC(=O)N(CCCCCCCC)CCCCCCCC,Am(III),2.0,298.15,-0.8296,-3.0147,1.3556,1.3556,0.8038,low (D<0.5)
280,O=C(c1cccc(C(=O)N2CCCC2)n1)N1CCCC1,Eu(III),1.0,298.15,-0.0016,-1.3538,1.3506,1.3506,0.4974,medium (0.5<=D<=10)
281,CCCCN(C)C(=O)CC(=O)NCc1cccc(CNC(=O)CC(=O)N(C)CCCC)c1,Am(III),0.03801894,298.15,0.4042,-0.5274,1.3358,1.3358,0.3427,medium (0.5<=D<=10)
282,CCCCCCCCNC(=O)CC(=O)NCc1ccc(CNC(=O)CC(=O)NCCCCCCCC)cc1,Am(III),0.5,298.15,-0.3399,-1.9975,1.3177,1.3177,0.6097,low (D<0.5)
283,CCCCCCCCN(CCCCCCCC)C(=O)COCC(=O)NCCCCCCCNC(=O)COCC(=O)N(CCCCCCCC)CCCCCCCC,Am(III),1.0,298.15,-0.8587,-2.7952,1.0778,1.0778,0.7123,low (D<0.5)
284,CCCCCCCCc1cc(-c2ccc3ccc4ccc(-c5cc(CCCCCCCC)[nH]n5)nc4c3n2)n[nH]1,Eu(III),0.5,298.15,-0.79,-2.3938,0.8139,0.8139,0.59,low (D<0.5)
285,O=C(c1cc(Cl)c2ccc3c(Cl)cc(C(=O)N4CCCc5ccccc54)nc3c2n1)N1CCCc2ccccc21,Eu(III),0.5,298.15,-0.8781,-2.3749,0.6187,0.6187,0.5506,low (D<0.5)
286,CCCCNC(=S)CC(=S)NCc1ccc(CNC(=S)CC(=S)NCCCC)cc1,Am(III),3.0,298.15,-0.6676,-1.8289,0.4936,0.4936,0.4271,low (D<0.5)
287,CCCCN(CCCC)C(=O)COCC(=O)NCCCCCCNC(=O)COCC(=O)N(CCCC)CCCC,Am(III),4.0,298.15,-0.6536,-1.5096,0.2024,0.2024,0.3149,low (D<0.5)
288,CCN(C(=O)c1ccc2ccc3cccnc3c2n1)c1ccc(C)cc1,Eu(III),0.5,298.15,-0.804,-1.5124,-0.0955,-0.0955,0.2606,low (D<0.5)
289,CC(C)Cc1cc(-c2ccc3ccc4ccc(-c5cc(CC(C)C)[nH]n5)nc4c3n2)n[nH]1,Eu(III),0.5,298.15,-0.804,-1.5124,-0.0955,-0.0955,0.2606,low (D<0.5)
290,O=C(c1cc(Cl)c2ccc3c(Cl)cc(C(=O)N4CCc5ccccc54)nc3c2n1)N1CCc2ccccc21,Eu(III),0.5,298.15,-0.804,-1.5124,-0.0955,-0.0955,0.2606,low (D<0.5)
291,CCN(CC)C(=O)COc1c2cccc1Cc1cccc(c1OCC(=O)N(CC)CC)Cc1cccc(c1OCC(=O)N(CC)CC)Cc1cccc(c1OCC(=O)N(CC)CC)Cc1cccc(c1OCC(=O)N(CC)CC)Cc1cccc(c1OCC(=O)N(CC)CC)Cc1cccc(c1OCC(=O)N(CC)CC)Cc1cccc(c1OCC(=O)N(CC)CC)C2,Eu(III),0.7,293.15,-1.7862,-3.1084,-0.4641,-0.4641,0.4863,low (D<0.5)
292,CCN(CC)C(=O)COc1c2cc(OCc3ccccc3)cc1Cc1cc(OCc3ccccc3)cc(c1OCC(=O)N(CC)CC)Cc1cc(OCc3ccccc3)cc(c1OCC(=O)N(CC)CC)Cc1cc(OCc3ccccc3)cc(c1OCC(=O)N(CC)CC)Cc1cc(OCc3ccccc3)cc(c1OCC(=O)N(CC)CC)Cc1cc(OCc3ccccc3)cc(c1OCC(=O)N(CC)CC)C2,Eu(III),4.0,298.15,-1.557,-2.3159,-0.7981,-0.7981,0.2792,low (D<0.5)
293,CCN(CC)C(=O)COc1c2cc(C(C)(C)C)cc1Cc1cc(C(C)(C)C)cc(c1OCC(=O)N(CC)CC)Cc1cc(C(C)(C)C)cc(c1OCC(=O)N(CC)CC)Cc1cc(C(C)(C)C)cc(c1OCC(=O)N(CC)CC)Cc1cc(C(C)(C)C)cc(c1OCC(=O)N(CC)CC)Cc1cc(C(C)(C)C)cc(c1OCC(=O)N(CC)CC)Cc1cc(C(C)(C)C)cc(c1OCC(=O)N(CC)CC)Cc1cc(C(C)(C)C)cc(c1OCC(=O)N(CC)CC)C2,Eu(III),0.5,293.15,-1.9887,-3.1091,-0.8682,-0.8682,0.4121,low (D<0.5)
294,CCN(CC)C(=O)COc1c2cc(OCc3ccccc3)cc1Cc1cc(OCc3ccccc3)cc(c1OCC(=O)N(CC)CC)Cc1cc(OCc3ccccc3)cc(c1OCC(=O)N(CC)CC)Cc1cc(OCc3ccccc3)cc(c1OCC(=O)N(CC)CC)Cc1cc(OCc3ccccc3)cc(c1OCC(=O)N(CC)CC)Cc1cc(OCc3ccccc3)cc(c1OCC(=O)N(CC)CC)Cc1cc(OCc3ccccc3)cc(c1OCC(=O)N(CC)CC)Cc1cc(OCc3ccccc3)cc(c1OCC(=O)N(CC)CC)C2,Eu(III),3.82,296.15,-2.7634,-2.8993,-2.6275,-2.6275,0.05,low (D<0.5)
295,CCCCCCCCOc1cc2c(OCC(=O)N(CC)CC)c(c1)Cc1cc(OCCCCCCCC)cc(c1OCC(=O)N(CC)CC)Cc1cc(OCCCCCCCC)cc(c1OCC(=O)N(CC)CC)Cc1cc(OCCCCCCCC)cc(c1OCC(=O)N(CC)CC)Cc1cc(OCCCCCCCC)cc(c1OCC(=O)N(CC)CC)Cc1cc(OCCCCCCCC)cc(c1OCC(=O)N(CC)CC)C2,Eu(III),1.0,296.15,-2.9693,-3.2175,-2.7211,-2.7211,0.0913,low (D<0.5)
